{
    "Mean Squared Error": 0.24675324675324675,
    "Mean Absolute Error": 0.24675324675324675,
    "Accuracy of model": 0.7532467532467533,
    "R2 score ": -0.074747474747475
}